,timestamp,predicted_label
0,1536657066060,Non-Liegen
1,1536657076060,Non-Liegen
2,1536657086060,Liegen
3,1536657096060,Liegen
4,1536657106060,Liegen
5,1536657116060,Non-Liegen
6,1536657126060,Non-Liegen
7,1536657136060,Non-Liegen
8,1536657146060,Non-Liegen
9,1536657156060,Non-Liegen
10,1536657166060,Non-Liegen
11,1536657176060,Non-Liegen
12,1536657186060,Non-Liegen
13,1536657196060,Non-Liegen
14,1536657206060,Non-Liegen
15,1536657216060,Non-Liegen
16,1536657226060,Non-Liegen
17,1536657236060,Non-Liegen
18,1536657246060,Non-Liegen
19,1536657256060,Non-Liegen
20,1536657266060,Non-Liegen
21,1536657276060,Non-Liegen
22,1536657286060,Non-Liegen
23,1536657296060,Non-Liegen
24,1536657306060,Non-Liegen
25,1536657316060,Non-Liegen
26,1536657326060,Non-Liegen
27,1536657336060,Non-Liegen
28,1536657346060,Non-Liegen
29,1536657356060,Non-Liegen
30,1536657366060,Non-Liegen
31,1536657376060,Non-Liegen
32,1536657386060,Non-Liegen
33,1536657396060,Non-Liegen
34,1536657406060,Non-Liegen
35,1536657416060,Non-Liegen
36,1536657426060,Non-Liegen
37,1536657436060,Non-Liegen
38,1536657446060,Non-Liegen
39,1536657456060,Non-Liegen
40,1536657466060,Non-Liegen
41,1536657476060,Non-Liegen
42,1536657486060,Non-Liegen
43,1536657496060,Non-Liegen
44,1536657506060,Non-Liegen
45,1536657516060,Non-Liegen
46,1536657526060,Non-Liegen
47,1536657536060,Non-Liegen
48,1536657546060,Non-Liegen
49,1536657556060,Non-Liegen
50,1536657566060,Non-Liegen
51,1536657576060,Non-Liegen
52,1536657586060,Non-Liegen
53,1536657596060,Non-Liegen
54,1536657606060,Non-Liegen
55,1536657616060,Non-Liegen
56,1536657626060,Non-Liegen
57,1536657636060,Non-Liegen
58,1536657646060,Non-Liegen
59,1536657656060,Non-Liegen
60,1536657666060,Non-Liegen
61,1536657676060,Non-Liegen
62,1536657686060,Non-Liegen
63,1536657696060,Non-Liegen
64,1536657706060,Non-Liegen
65,1536657716060,Non-Liegen
66,1536657726060,Non-Liegen
67,1536657736060,Non-Liegen
68,1536657746060,Non-Liegen
69,1536657756060,Non-Liegen
70,1536657766060,Non-Liegen
71,1536657776060,Non-Liegen
72,1536657786060,Non-Liegen
73,1536657796060,Non-Liegen
74,1536657806060,Non-Liegen
75,1536657816060,Non-Liegen
76,1536657826060,Non-Liegen
77,1536657836060,Non-Liegen
78,1536657846060,Non-Liegen
79,1536657856060,Non-Liegen
80,1536657866060,Non-Liegen
81,1536657876060,Non-Liegen
82,1536657886060,Non-Liegen
83,1536657896060,Non-Liegen
84,1536657906060,Non-Liegen
85,1536657916060,Non-Liegen
86,1536657926060,Non-Liegen
87,1536657936060,Non-Liegen
88,1536657946060,Non-Liegen
89,1536657956060,Non-Liegen
90,1536657966060,Non-Liegen
91,1536657976060,Non-Liegen
92,1536657986060,Non-Liegen
93,1536657996060,Non-Liegen
94,1536658006060,Non-Liegen
95,1536658016060,Non-Liegen
96,1536658026060,Non-Liegen
97,1536658036060,Non-Liegen
98,1536658046060,Non-Liegen
99,1536658056060,Non-Liegen
100,1536658066060,Non-Liegen
101,1536658076060,Non-Liegen
102,1536658086060,Non-Liegen
103,1536658096060,Non-Liegen
104,1536658106060,Non-Liegen
105,1536658116060,Non-Liegen
106,1536658126060,Non-Liegen
107,1536658136060,Non-Liegen
108,1536658146060,Non-Liegen
109,1536658156060,Non-Liegen
110,1536658166060,Non-Liegen
111,1536658176060,Non-Liegen
112,1536658186060,Non-Liegen
113,1536658196060,Non-Liegen
114,1536658206060,Non-Liegen
115,1536658216060,Non-Liegen
116,1536658236060,Non-Liegen
117,1536658246060,Non-Liegen
118,1536658256060,Non-Liegen
119,1536658364031,Non-Liegen
120,1536658374031,Non-Liegen
121,1536658384031,Non-Liegen
122,1536658394031,Non-Liegen
123,1536658404031,Non-Liegen
124,1536658414031,Non-Liegen
125,1536658424031,Non-Liegen
126,1536658434031,Non-Liegen
127,1536658444031,Non-Liegen
128,1536658454031,Non-Liegen
129,1536658464031,Non-Liegen
130,1536658474031,Non-Liegen
131,1536658484031,Liegen
132,1536658494031,Non-Liegen
133,1536658504031,Non-Liegen
134,1536658514031,Non-Liegen
135,1536658524031,Non-Liegen
136,1536658534031,Non-Liegen
137,1536658544031,Non-Liegen
138,1536658554031,Non-Liegen
139,1536658564031,Non-Liegen
140,1536658574031,Non-Liegen
141,1536658584031,Non-Liegen
142,1536658594031,Non-Liegen
143,1536658604031,Non-Liegen
144,1536658614031,Non-Liegen
145,1536658624031,Non-Liegen
146,1536658634031,Non-Liegen
147,1536658644031,Non-Liegen
148,1536658654031,Non-Liegen
149,1536658664031,Non-Liegen
150,1536658674031,Non-Liegen
151,1536658684031,Non-Liegen
152,1536658694031,Non-Liegen
153,1536658704031,Non-Liegen
154,1536658714031,Non-Liegen
155,1536658724031,Non-Liegen
156,1536658734031,Non-Liegen
157,1536658744031,Non-Liegen
158,1536658754031,Non-Liegen
159,1536658764031,Non-Liegen
160,1536658774031,Non-Liegen
161,1536658784031,Non-Liegen
162,1536658794031,Non-Liegen
163,1536658804031,Non-Liegen
164,1536658814031,Non-Liegen
165,1536658824031,Non-Liegen
166,1536658834031,Non-Liegen
167,1536658844031,Non-Liegen
168,1536658854031,Non-Liegen
169,1536658864031,Non-Liegen
170,1536658874031,Non-Liegen
171,1536658884031,Non-Liegen
172,1536658894031,Non-Liegen
173,1536658904031,Non-Liegen
174,1536658914031,Non-Liegen
175,1536658924031,Non-Liegen
176,1536658934031,Non-Liegen
177,1536658944031,Non-Liegen
178,1536658954031,Non-Liegen
179,1536658964031,Non-Liegen
180,1536658974031,Non-Liegen
181,1536658984031,Non-Liegen
182,1536658994031,Non-Liegen
183,1536659004031,Non-Liegen
184,1536659014031,Non-Liegen
185,1536659024031,Non-Liegen
186,1536659034031,Non-Liegen
187,1536659044031,Non-Liegen
188,1536659054031,Non-Liegen
189,1536659064031,Non-Liegen
190,1536659074031,Non-Liegen
191,1536659084031,Non-Liegen
192,1536659094031,Non-Liegen
193,1536659299041,Non-Liegen
194,1536659309041,Non-Liegen
195,1536659319041,Non-Liegen
196,1536659329041,Non-Liegen
197,1536659339041,Non-Liegen
198,1536659349041,Non-Liegen
199,1536659359041,Non-Liegen
200,1536659369041,Non-Liegen
201,1536659379041,Non-Liegen
202,1536659389041,Non-Liegen
203,1536659399041,Non-Liegen
204,1536659409041,Non-Liegen
205,1536659419041,Non-Liegen
206,1536659429041,Non-Liegen
207,1536659439041,Non-Liegen
208,1536659449041,Non-Liegen
209,1536659459041,Non-Liegen
210,1536659469041,Non-Liegen
211,1536659479041,Non-Liegen
212,1536659489041,Non-Liegen
213,1536659499041,Non-Liegen
214,1536659509041,Non-Liegen
215,1536659519041,Non-Liegen
216,1536659529041,Non-Liegen
217,1536659539041,Non-Liegen
218,1536659549041,Non-Liegen
219,1536659559041,Non-Liegen
220,1536659569041,Non-Liegen
221,1536659579041,Non-Liegen
222,1536659589041,Non-Liegen
223,1536659599041,Non-Liegen
224,1536659609041,Non-Liegen
225,1536659619041,Non-Liegen
226,1536659629041,Non-Liegen
227,1536659639041,Non-Liegen
228,1536659649041,Non-Liegen
229,1536659659041,Non-Liegen
230,1536659669041,Non-Liegen
231,1536659679041,Non-Liegen
232,1536659689041,Non-Liegen
233,1536659699041,Non-Liegen
234,1536659709041,Non-Liegen
235,1536659719041,Non-Liegen
236,1536659729041,Non-Liegen
237,1536659739041,Non-Liegen
238,1536659749041,Non-Liegen
239,1536659759041,Non-Liegen
240,1536659769041,Non-Liegen
241,1536659779041,Non-Liegen
242,1536659789041,Non-Liegen
243,1536659799041,Non-Liegen
244,1536659809041,Non-Liegen
245,1536659819041,Non-Liegen
246,1536659829041,Non-Liegen
247,1536659839041,Non-Liegen
248,1536659849041,Non-Liegen
249,1536659859041,Non-Liegen
250,1536659869041,Non-Liegen
251,1536659879041,Non-Liegen
252,1536659889041,Non-Liegen
253,1536659899041,Non-Liegen
254,1536659909041,Non-Liegen
255,1536659919041,Non-Liegen
256,1536659929041,Non-Liegen
257,1536659939041,Non-Liegen
258,1536659949041,Non-Liegen
259,1536659959041,Non-Liegen
260,1536659969041,Non-Liegen
261,1536659979041,Non-Liegen
262,1536659989041,Non-Liegen
263,1536659999041,Non-Liegen
264,1536660009041,Non-Liegen
265,1536660019041,Non-Liegen
266,1536660029041,Non-Liegen
267,1536660039041,Non-Liegen
268,1536660049041,Non-Liegen
269,1536660059041,Non-Liegen
270,1536660069041,Non-Liegen
271,1536660079041,Non-Liegen
272,1536660089041,Non-Liegen
273,1536660099041,Non-Liegen
274,1536660109041,Non-Liegen
275,1536660119041,Non-Liegen
276,1536660129041,Non-Liegen
277,1536660139041,Non-Liegen
278,1536660149041,Non-Liegen
279,1536660159041,Non-Liegen
280,1536660169041,Non-Liegen
281,1536660179041,Non-Liegen
282,1536660189041,Non-Liegen
283,1536660199041,Non-Liegen
284,1536660209041,Non-Liegen
285,1536660219041,Non-Liegen
286,1536660229041,Non-Liegen
287,1536660239041,Non-Liegen
288,1536660249041,Non-Liegen
289,1536660259041,Non-Liegen
290,1536660269041,Non-Liegen
291,1536660279041,Non-Liegen
292,1536660289041,Non-Liegen
293,1536660299041,Non-Liegen
294,1536660309041,Non-Liegen
295,1536660319041,Non-Liegen
296,1536660329041,Non-Liegen
297,1536660339041,Non-Liegen
298,1536660349041,Non-Liegen
299,1536660359041,Non-Liegen
300,1536660369041,Non-Liegen
301,1536660379041,Non-Liegen
302,1536660389041,Non-Liegen
303,1536660399041,Non-Liegen
304,1536660409041,Non-Liegen
305,1536660419041,Non-Liegen
306,1536660429041,Non-Liegen
307,1536660439041,Non-Liegen
308,1536660449041,Non-Liegen
309,1536660459041,Non-Liegen
310,1536660469041,Non-Liegen
311,1536660479041,Non-Liegen
312,1536660489041,Non-Liegen
313,1536660499041,Non-Liegen
314,1536660542000,Non-Liegen
315,1536660552000,Non-Liegen
316,1536660562000,Non-Liegen
317,1536660572000,Non-Liegen
318,1536660582000,Non-Liegen
319,1536660592000,Non-Liegen
320,1536660602000,Non-Liegen
321,1536660612000,Non-Liegen
322,1536660622000,Non-Liegen
323,1536660632000,Non-Liegen
324,1536660642000,Non-Liegen
325,1536660652000,Non-Liegen
326,1536660662000,Non-Liegen
327,1536660672000,Non-Liegen
328,1536660682000,Non-Liegen
329,1536660692000,Non-Liegen
330,1536660702000,Non-Liegen
331,1536660712000,Non-Liegen
332,1536660722000,Non-Liegen
333,1536660753000,Non-Liegen
334,1536660763000,Non-Liegen
335,1536660773000,Non-Liegen
336,1536660783000,Non-Liegen
337,1536660793000,Non-Liegen
338,1536660803000,Non-Liegen
339,1536660813000,Non-Liegen
340,1536660823000,Non-Liegen
341,1536660833000,Non-Liegen
342,1536660843000,Non-Liegen
343,1536660853000,Non-Liegen
344,1536660863000,Non-Liegen
345,1536660873000,Non-Liegen
346,1536660883000,Non-Liegen
347,1536660893000,Non-Liegen
348,1536660903000,Non-Liegen
349,1536660913000,Non-Liegen
350,1536660923000,Non-Liegen
351,1536660933000,Non-Liegen
352,1536660943000,Non-Liegen
353,1536660953000,Non-Liegen
354,1536660963000,Non-Liegen
355,1536660973000,Non-Liegen
356,1536660983000,Non-Liegen
357,1536660993000,Non-Liegen
358,1536661003000,Non-Liegen
359,1536661013000,Non-Liegen
360,1536661023000,Non-Liegen
361,1536661033000,Non-Liegen
362,1536661043000,Non-Liegen
363,1536661053000,Non-Liegen
364,1536661063000,Non-Liegen
365,1536661073000,Non-Liegen
366,1536661083000,Non-Liegen
367,1536661093000,Non-Liegen
368,1536661103000,Non-Liegen
369,1536661113000,Non-Liegen
370,1536661123000,Non-Liegen
371,1536661133000,Non-Liegen
372,1536661143000,Non-Liegen
373,1536661153000,Non-Liegen
374,1536661163000,Non-Liegen
375,1536661173000,Non-Liegen
376,1536661183000,Non-Liegen
377,1536661193000,Non-Liegen
378,1536661203000,Non-Liegen
379,1536661213000,Non-Liegen
380,1536661223000,Non-Liegen
381,1536661233000,Non-Liegen
382,1536661243000,Non-Liegen
383,1536661253000,Non-Liegen
384,1536661263000,Non-Liegen
385,1536661273000,Non-Liegen
386,1536661283000,Non-Liegen
387,1536661293000,Non-Liegen
388,1536661303000,Non-Liegen
389,1536661313000,Non-Liegen
390,1536661323000,Non-Liegen
391,1536661333000,Non-Liegen
392,1536661343000,Non-Liegen
393,1536661353000,Non-Liegen
394,1536661363000,Non-Liegen
395,1536661373000,Non-Liegen
396,1536661383000,Non-Liegen
397,1536661393000,Non-Liegen
398,1536661403000,Non-Liegen
399,1536661413000,Non-Liegen
400,1536661423000,Non-Liegen
401,1536661433000,Non-Liegen
402,1536661443000,Non-Liegen
403,1536661453000,Non-Liegen
404,1536661463000,Non-Liegen
405,1536661473000,Non-Liegen
406,1536661483000,Non-Liegen
407,1536661493000,Non-Liegen
408,1536661503000,Non-Liegen
409,1536661513000,Non-Liegen
410,1536661523000,Non-Liegen
411,1536661533000,Non-Liegen
412,1536661543000,Non-Liegen
413,1536661553000,Non-Liegen
414,1536661563000,Non-Liegen
415,1536661573000,Non-Liegen
416,1536661583000,Non-Liegen
417,1536661593000,Non-Liegen
418,1536661603000,Non-Liegen
419,1536661613000,Non-Liegen
420,1536661623000,Non-Liegen
421,1536661633000,Non-Liegen
422,1536661643000,Non-Liegen
423,1536661653000,Non-Liegen
424,1536661663000,Non-Liegen
425,1536661673000,Non-Liegen
426,1536661683000,Non-Liegen
427,1536661693000,Non-Liegen
428,1536661703000,Non-Liegen
429,1536661713000,Non-Liegen
430,1536661723000,Non-Liegen
431,1536661733000,Non-Liegen
432,1536661743000,Non-Liegen
433,1536661753000,Non-Liegen
434,1536661763000,Non-Liegen
435,1536661773000,Non-Liegen
436,1536661783000,Non-Liegen
437,1536661793000,Non-Liegen
438,1536661803000,Non-Liegen
439,1536661813000,Non-Liegen
440,1536661823000,Non-Liegen
441,1536661868022,Non-Liegen
442,1536661878022,Non-Liegen
443,1536661888022,Non-Liegen
444,1536661898022,Non-Liegen
445,1536661908022,Non-Liegen
446,1536661918022,Non-Liegen
447,1536661928022,Non-Liegen
448,1536661949011,Non-Liegen
449,1536661959011,Non-Liegen
450,1536661969011,Non-Liegen
451,1536661979011,Non-Liegen
452,1536661989011,Non-Liegen
453,1536661999011,Non-Liegen
454,1536662009011,Non-Liegen
455,1536662019011,Non-Liegen
456,1536662029011,Non-Liegen
457,1536662039011,Non-Liegen
458,1536662049011,Non-Liegen
459,1536662059011,Non-Liegen
460,1536662069011,Non-Liegen
461,1536662079011,Non-Liegen
462,1536662089011,Non-Liegen
463,1536662099011,Non-Liegen
464,1536662109011,Non-Liegen
465,1536662119011,Non-Liegen
466,1536662129011,Non-Liegen
467,1536662139011,Non-Liegen
468,1536662149011,Non-Liegen
469,1536662159011,Non-Liegen
470,1536662169011,Non-Liegen
471,1536662179011,Non-Liegen
472,1536662189011,Non-Liegen
473,1536662199011,Non-Liegen
474,1536662209011,Non-Liegen
475,1536662219011,Non-Liegen
476,1536662229011,Non-Liegen
477,1536662239011,Non-Liegen
478,1536662249011,Non-Liegen
479,1536662259011,Non-Liegen
480,1536662269011,Non-Liegen
481,1536662279011,Non-Liegen
482,1536662289011,Non-Liegen
483,1536662299011,Non-Liegen
484,1536662309011,Non-Liegen
485,1536662319011,Non-Liegen
486,1536662329011,Non-Liegen
487,1536662339011,Non-Liegen
488,1536662349011,Non-Liegen
489,1536662359011,Non-Liegen
490,1536662369011,Non-Liegen
491,1536662379011,Non-Liegen
492,1536662389011,Non-Liegen
493,1536662399011,Non-Liegen
494,1536662409011,Non-Liegen
495,1536662419011,Non-Liegen
496,1536662429011,Non-Liegen
497,1536662439011,Non-Liegen
498,1536662449011,Non-Liegen
499,1536662459011,Non-Liegen
500,1536662469011,Non-Liegen
501,1536662479011,Non-Liegen
502,1536662489011,Non-Liegen
503,1536662499011,Non-Liegen
504,1536662509011,Non-Liegen
505,1536662519011,Non-Liegen
506,1536662529011,Non-Liegen
507,1536662539011,Non-Liegen
508,1536662549011,Non-Liegen
509,1536662559011,Non-Liegen
510,1536662569011,Non-Liegen
511,1536662579011,Non-Liegen
512,1536662589011,Non-Liegen
513,1536662599011,Non-Liegen
514,1536662675000,Non-Liegen
515,1536662685000,Non-Liegen
516,1536662695000,Non-Liegen
517,1536662718052,Non-Liegen
518,1536662728052,Liegen
519,1536662738052,Liegen
520,1536662748052,Liegen
521,1536662758052,Liegen
522,1536662768052,Non-Liegen
523,1536662778052,Liegen
524,1536662788052,Liegen
525,1536662798052,Liegen
526,1536662808052,Liegen
527,1536662818052,Liegen
528,1536662828052,Liegen
529,1536662838052,Liegen
530,1536662848052,Liegen
531,1536662858052,Liegen
532,1536662868052,Liegen
533,1536662878052,Liegen
534,1536662888052,Liegen
535,1536662898052,Liegen
536,1536662908052,Liegen
537,1536662918052,Liegen
538,1536662928052,Liegen
539,1536662938052,Liegen
540,1536662948052,Liegen
541,1536662958052,Liegen
542,1536662968052,Liegen
543,1536662978052,Liegen
544,1536662988052,Liegen
545,1536662998052,Liegen
546,1536663008052,Liegen
547,1536663018052,Liegen
548,1536663028052,Liegen
549,1536663038052,Liegen
550,1536663048052,Liegen
551,1536663058052,Liegen
552,1536663068052,Liegen
553,1536663078052,Liegen
554,1536663088052,Liegen
555,1536663098052,Liegen
556,1536663108052,Liegen
557,1536663118052,Liegen
558,1536663128052,Liegen
559,1536663138052,Liegen
560,1536663148052,Liegen
561,1536663158052,Liegen
562,1536663168052,Liegen
563,1536663178052,Liegen
564,1536663188052,Liegen
565,1536663198052,Liegen
566,1536663208052,Liegen
567,1536663218052,Liegen
568,1536663228052,Liegen
569,1536663238052,Liegen
570,1536663248052,Liegen
571,1536663258052,Liegen
572,1536663268052,Non-Liegen
573,1536663278052,Liegen
574,1536663288052,Liegen
575,1536663298052,Liegen
576,1536663308052,Liegen
577,1536663318052,Non-Liegen
578,1536663328052,Liegen
579,1536663338052,Liegen
580,1536663348052,Non-Liegen
581,1536663358052,Non-Liegen
582,1536663368052,Liegen
583,1536663378052,Liegen
584,1536663388052,Liegen
585,1536663398052,Liegen
586,1536663408052,Non-Liegen
587,1536663418052,Non-Liegen
588,1536663428052,Liegen
589,1536663438052,Liegen
590,1536663448052,Liegen
591,1536663458052,Liegen
592,1536663468052,Liegen
593,1536663478052,Non-Liegen
594,1536663488052,Non-Liegen
595,1536663498052,Non-Liegen
596,1536663508052,Non-Liegen
597,1536663518052,Non-Liegen
598,1536663528052,Non-Liegen
599,1536663538052,Non-Liegen
600,1536663548052,Non-Liegen
601,1536663558052,Non-Liegen
602,1536663568052,Non-Liegen
603,1536663578052,Non-Liegen
604,1536663588052,Non-Liegen
605,1536663598052,Non-Liegen
606,1536663608052,Non-Liegen
607,1536663618052,Non-Liegen
608,1536663657018,Non-Liegen
609,1536663667018,Non-Liegen
610,1536663677018,Non-Liegen
611,1536663705092,Non-Liegen
612,1536663715092,Non-Liegen
613,1536663725092,Non-Liegen
614,1536663735092,Non-Liegen
615,1536663745092,Non-Liegen
616,1536663755092,Non-Liegen
617,1536663765092,Non-Liegen
618,1536663775092,Non-Liegen
619,1536663785092,Non-Liegen
620,1536663795092,Non-Liegen
621,1536663805092,Non-Liegen
622,1536663815092,Non-Liegen
623,1536663825092,Non-Liegen
624,1536663835092,Non-Liegen
625,1536663845092,Non-Liegen
626,1536663855092,Non-Liegen
627,1536663865092,Non-Liegen
628,1536663875092,Non-Liegen
629,1536663885092,Non-Liegen
630,1536663895092,Non-Liegen
631,1536663905092,Non-Liegen
632,1536663915092,Non-Liegen
633,1536663925092,Non-Liegen
634,1536663935092,Non-Liegen
635,1536663945092,Non-Liegen
636,1536663955092,Non-Liegen
637,1536663965092,Non-Liegen
638,1536663975092,Non-Liegen
639,1536663985092,Non-Liegen
640,1536663995092,Non-Liegen
641,1536664005092,Non-Liegen
642,1536664015092,Non-Liegen
643,1536664025092,Non-Liegen
644,1536664035092,Non-Liegen
645,1536664045092,Non-Liegen
646,1536664055092,Non-Liegen
647,1536664065092,Non-Liegen
648,1536664075092,Non-Liegen
649,1536664085092,Non-Liegen
650,1536664095092,Non-Liegen
651,1536664105092,Non-Liegen
652,1536664115092,Non-Liegen
653,1536664125092,Non-Liegen
654,1536664135092,Non-Liegen
655,1536664145092,Non-Liegen
656,1536664155092,Non-Liegen
657,1536664165092,Non-Liegen
658,1536664175092,Non-Liegen
659,1536664185092,Non-Liegen
660,1536664195092,Non-Liegen
661,1536664205092,Liegen
662,1536664215092,Liegen
663,1536664225092,Liegen
664,1536664235092,Non-Liegen
665,1536664245092,Non-Liegen
666,1536664255092,Liegen
667,1536664265092,Non-Liegen
668,1536664275092,Liegen
669,1536664285092,Liegen
670,1536664295092,Liegen
671,1536664305092,Liegen
672,1536664315092,Non-Liegen
673,1536664325092,Non-Liegen
674,1536664335092,Non-Liegen
675,1536664345092,Non-Liegen
676,1536664355092,Non-Liegen
677,1536664365092,Non-Liegen
678,1536664375092,Non-Liegen
679,1536664385092,Non-Liegen
680,1536664395092,Non-Liegen
681,1536664405092,Non-Liegen
682,1536664415092,Non-Liegen
683,1536664425092,Non-Liegen
684,1536664435092,Non-Liegen
685,1536664445092,Non-Liegen
686,1536664455092,Non-Liegen
687,1536664465092,Non-Liegen
688,1536664475092,Non-Liegen
689,1536664485092,Non-Liegen
690,1536664495092,Non-Liegen
691,1536664505092,Non-Liegen
692,1536664515092,Non-Liegen
693,1536664525092,Non-Liegen
694,1536664535092,Non-Liegen
695,1536664545092,Non-Liegen
696,1536664555092,Non-Liegen
697,1536664565092,Non-Liegen
698,1536664575092,Non-Liegen
699,1536664585092,Non-Liegen
700,1536664595092,Non-Liegen
701,1536664605092,Non-Liegen
702,1536664615092,Non-Liegen
703,1536664625092,Non-Liegen
704,1536664635092,Non-Liegen
705,1536664645092,Non-Liegen
706,1536664655092,Non-Liegen
707,1536664665092,Non-Liegen
708,1536664675092,Non-Liegen
709,1536664685092,Non-Liegen
710,1536664695092,Non-Liegen
711,1536664705092,Non-Liegen
712,1536664715092,Non-Liegen
713,1536664725092,Non-Liegen
714,1536664735092,Non-Liegen
715,1536664745092,Non-Liegen
716,1536664755092,Non-Liegen
717,1536664765092,Non-Liegen
718,1536664775092,Non-Liegen
719,1536664785092,Non-Liegen
720,1536664795092,Non-Liegen
721,1536664805092,Non-Liegen
722,1536664815092,Non-Liegen
723,1536664825092,Non-Liegen
724,1536664835092,Non-Liegen
725,1536664845092,Non-Liegen
726,1536664855092,Non-Liegen
727,1536664865092,Non-Liegen
728,1536664875092,Non-Liegen
729,1536664885092,Non-Liegen
730,1536664895092,Non-Liegen
731,1536664905092,Non-Liegen
732,1536664915092,Non-Liegen
733,1536664925092,Non-Liegen
734,1536664935092,Non-Liegen
735,1536664945092,Non-Liegen
736,1536664955092,Non-Liegen
737,1536664965092,Non-Liegen
738,1536664975092,Non-Liegen
739,1536664985092,Non-Liegen
740,1536664995092,Non-Liegen
741,1536665005092,Non-Liegen
742,1536665015092,Non-Liegen
743,1536665025092,Non-Liegen
744,1536665035092,Non-Liegen
745,1536665045092,Non-Liegen
746,1536665055092,Non-Liegen
747,1536665065092,Non-Liegen
748,1536665075092,Non-Liegen
749,1536665085092,Non-Liegen
750,1536665095092,Non-Liegen
751,1536665105092,Non-Liegen
752,1536665115092,Non-Liegen
753,1536665125092,Non-Liegen
754,1536665135092,Non-Liegen
755,1536665145092,Non-Liegen
756,1536665155092,Non-Liegen
757,1536665165092,Non-Liegen
758,1536665175092,Liegen
759,1536665185092,Liegen
760,1536665195092,Liegen
761,1536665205092,Liegen
762,1536665215092,Non-Liegen
763,1536665225092,Non-Liegen
764,1536665235092,Non-Liegen
765,1536665245092,Non-Liegen
766,1536665255092,Non-Liegen
767,1536665265092,Non-Liegen
768,1536665275092,Non-Liegen
769,1536665285092,Non-Liegen
770,1536665295092,Non-Liegen
771,1536665305092,Non-Liegen
772,1536665315092,Non-Liegen
773,1536665325092,Liegen
774,1536665335092,Non-Liegen
775,1536665345092,Non-Liegen
776,1536665355092,Liegen
777,1536665365092,Non-Liegen
778,1536665375092,Liegen
779,1536665385092,Liegen
780,1536665395092,Liegen
781,1536665405092,Liegen
782,1536665415092,Liegen
783,1536665425092,Liegen
784,1536665435092,Liegen
785,1536665445092,Liegen
786,1536665455092,Liegen
787,1536665465092,Liegen
788,1536665475092,Liegen
789,1536665485092,Liegen
790,1536665495092,Liegen
791,1536665505092,Liegen
792,1536665515092,Non-Liegen
793,1536665525092,Liegen
794,1536665535092,Liegen
795,1536665545092,Liegen
796,1536665555092,Liegen
797,1536665565092,Non-Liegen
798,1536665575092,Liegen
799,1536665585092,Liegen
800,1536665595092,Liegen
801,1536665605092,Liegen
802,1536665615092,Liegen
803,1536665625092,Liegen
804,1536665635092,Liegen
805,1536665645092,Liegen
806,1536665655092,Liegen
807,1536665665092,Liegen
808,1536665675092,Liegen
809,1536665685092,Liegen
810,1536665695092,Liegen
811,1536665705092,Liegen
812,1536665715092,Liegen
813,1536665725092,Liegen
814,1536665735092,Liegen
815,1536665745092,Liegen
816,1536665755092,Liegen
817,1536665765092,Liegen
818,1536665775092,Liegen
819,1536665785092,Liegen
820,1536665795092,Liegen
821,1536665805092,Liegen
822,1536665815092,Liegen
823,1536665825092,Liegen
824,1536665835092,Liegen
825,1536665845092,Liegen
826,1536665855092,Liegen
827,1536665865092,Liegen
828,1536665875092,Liegen
829,1536665885092,Liegen
830,1536665895092,Liegen
831,1536665905092,Liegen
832,1536665915092,Liegen
833,1536665925092,Liegen
834,1536665935092,Non-Liegen
835,1536665945092,Liegen
836,1536665955092,Liegen
837,1536665965092,Liegen
838,1536665975092,Liegen
839,1536665985092,Liegen
840,1536665995092,Liegen
841,1536666005092,Liegen
842,1536666015092,Liegen
843,1536666025092,Liegen
844,1536666035092,Liegen
845,1536666045092,Liegen
846,1536666055092,Liegen
847,1536666065092,Liegen
848,1536666075092,Liegen
849,1536666085092,Liegen
850,1536666095092,Liegen
851,1536666105092,Liegen
852,1536666115092,Liegen
853,1536666125092,Liegen
854,1536666135092,Liegen
855,1536666145092,Liegen
856,1536666155092,Liegen
857,1536666165092,Liegen
858,1536666175092,Liegen
859,1536666185092,Liegen
860,1536666195092,Liegen
861,1536666205092,Liegen
862,1536666215092,Liegen
863,1536666225092,Liegen
864,1536666235092,Liegen
865,1536666245092,Liegen
866,1536666255092,Liegen
867,1536666265092,Liegen
868,1536666275092,Liegen
869,1536666285092,Liegen
870,1536666295092,Liegen
871,1536666305092,Liegen
872,1536666315092,Liegen
873,1536666325092,Liegen
874,1536666335092,Liegen
875,1536666345092,Liegen
876,1536666355092,Liegen
877,1536666365092,Liegen
878,1536666375092,Liegen
879,1536666385092,Liegen
880,1536666395092,Liegen
881,1536666405092,Liegen
882,1536666415092,Liegen
883,1536666425092,Liegen
884,1536666435092,Liegen
885,1536666445092,Liegen
886,1536666455092,Liegen
887,1536666465092,Liegen
888,1536666475092,Liegen
889,1536666485092,Non-Liegen
890,1536666495092,Non-Liegen
891,1536666505092,Non-Liegen
892,1536666515092,Non-Liegen
893,1536666525092,Liegen
894,1536666535092,Liegen
895,1536666545092,Liegen
896,1536666555092,Liegen
897,1536666565092,Liegen
898,1536666575092,Liegen
899,1536666585092,Liegen
900,1536666595092,Liegen
901,1536666605092,Liegen
902,1536666615092,Liegen
903,1536666625092,Liegen
904,1536666635092,Liegen
905,1536666645092,Liegen
906,1536666655092,Liegen
907,1536666665092,Liegen
908,1536666675092,Liegen
909,1536666685092,Liegen
910,1536666695092,Liegen
911,1536666705092,Liegen
912,1536666715092,Liegen
913,1536666725092,Liegen
914,1536666735092,Non-Liegen
915,1536666745092,Non-Liegen
916,1536666755092,Liegen
917,1536666765092,Liegen
918,1536666775092,Non-Liegen
919,1536666785092,Non-Liegen
920,1536666795092,Non-Liegen
921,1536666805092,Non-Liegen
922,1536666815092,Non-Liegen
923,1536666825092,Non-Liegen
924,1536666835092,Non-Liegen
925,1536666845092,Non-Liegen
926,1536666855092,Non-Liegen
927,1536666865092,Non-Liegen
928,1536666875092,Non-Liegen
929,1536666885092,Non-Liegen
930,1536666895092,Non-Liegen
931,1536666905092,Non-Liegen
932,1536666915092,Non-Liegen
933,1536666925092,Non-Liegen
934,1536666935092,Liegen
935,1536666945092,Non-Liegen
936,1536666955092,Non-Liegen
937,1536666965092,Non-Liegen
938,1536666975092,Non-Liegen
939,1536666985092,Non-Liegen
940,1536666995092,Non-Liegen
941,1536667005092,Non-Liegen
942,1536667015092,Non-Liegen
943,1536667025092,Non-Liegen
944,1536667035092,Non-Liegen
945,1536667045092,Non-Liegen
946,1536667055092,Liegen
947,1536667065092,Non-Liegen
948,1536667075092,Liegen
949,1536667085092,Non-Liegen
950,1536667095092,Non-Liegen
951,1536667105092,Non-Liegen
952,1536667115092,Non-Liegen
953,1536667125092,Non-Liegen
954,1536667135092,Non-Liegen
955,1536667145092,Non-Liegen
956,1536667155092,Non-Liegen
957,1536667165092,Non-Liegen
958,1536667175092,Non-Liegen
959,1536667185092,Non-Liegen
960,1536667195092,Non-Liegen
961,1536667205092,Non-Liegen
962,1536667215092,Non-Liegen
963,1536667225092,Non-Liegen
964,1536667235092,Non-Liegen
965,1536667245092,Non-Liegen
966,1536667255092,Non-Liegen
967,1536667265092,Non-Liegen
968,1536667275092,Non-Liegen
969,1536667285092,Non-Liegen
970,1536667295092,Non-Liegen
971,1536667305092,Non-Liegen
972,1536667315092,Non-Liegen
973,1536667325092,Non-Liegen
974,1536667335092,Non-Liegen
975,1536667345092,Non-Liegen
976,1536667355092,Non-Liegen
977,1536667365092,Non-Liegen
978,1536667375092,Non-Liegen
979,1536667385092,Non-Liegen
980,1536667395092,Non-Liegen
981,1536667405092,Non-Liegen
982,1536667415092,Non-Liegen
983,1536667425092,Non-Liegen
984,1536667435092,Non-Liegen
985,1536667445092,Non-Liegen
986,1536667455092,Non-Liegen
987,1536667465092,Non-Liegen
988,1536667475092,Non-Liegen
989,1536667485092,Non-Liegen
990,1536667495092,Non-Liegen
991,1536667505092,Non-Liegen
992,1536667515092,Non-Liegen
993,1536667525092,Non-Liegen
994,1536667535092,Non-Liegen
995,1536667545092,Non-Liegen
996,1536667555092,Non-Liegen
997,1536667565092,Non-Liegen
998,1536667575092,Non-Liegen
999,1536667585092,Non-Liegen
1000,1536667595092,Non-Liegen
1001,1536667605092,Non-Liegen
1002,1536667615092,Non-Liegen
1003,1536667625092,Non-Liegen
1004,1536667635092,Non-Liegen
1005,1536667645092,Non-Liegen
1006,1536667655092,Non-Liegen
1007,1536667665092,Non-Liegen
1008,1536667675092,Non-Liegen
1009,1536667685092,Non-Liegen
1010,1536667695092,Non-Liegen
1011,1536667705092,Non-Liegen
1012,1536667715092,Non-Liegen
1013,1536667725092,Non-Liegen
1014,1536667735092,Non-Liegen
1015,1536667745092,Non-Liegen
1016,1536667755092,Non-Liegen
1017,1536667765092,Non-Liegen
1018,1536667775092,Non-Liegen
1019,1536667785092,Non-Liegen
1020,1536667795092,Non-Liegen
1021,1536667805092,Non-Liegen
1022,1536667815092,Non-Liegen
1023,1536667825092,Non-Liegen
1024,1536667835092,Non-Liegen
1025,1536667845092,Non-Liegen
1026,1536667855092,Non-Liegen
1027,1536667865092,Non-Liegen
1028,1536667875092,Non-Liegen
1029,1536667885092,Non-Liegen
1030,1536667895092,Non-Liegen
1031,1536667905092,Non-Liegen
1032,1536667915092,Non-Liegen
1033,1536667925092,Non-Liegen
1034,1536667935092,Non-Liegen
1035,1536667945092,Non-Liegen
1036,1536667955092,Non-Liegen
1037,1536667965092,Non-Liegen
1038,1536667975092,Non-Liegen
1039,1536667985092,Non-Liegen
1040,1536667995092,Non-Liegen
1041,1536668005092,Non-Liegen
1042,1536668015092,Non-Liegen
1043,1536668025092,Non-Liegen
1044,1536668035092,Non-Liegen
1045,1536668045092,Non-Liegen
1046,1536668055092,Non-Liegen
1047,1536668065092,Non-Liegen
1048,1536668075092,Non-Liegen
1049,1536668085092,Non-Liegen
1050,1536668095092,Non-Liegen
1051,1536668105092,Non-Liegen
1052,1536668115092,Non-Liegen
1053,1536668125092,Non-Liegen
1054,1536668135092,Non-Liegen
1055,1536668145092,Non-Liegen
1056,1536668155092,Non-Liegen
1057,1536668165092,Non-Liegen
1058,1536668175092,Non-Liegen
1059,1536668185092,Non-Liegen
1060,1536668195092,Non-Liegen
1061,1536668205092,Non-Liegen
1062,1536668215092,Liegen
1063,1536668225092,Liegen
1064,1536668235092,Liegen
1065,1536668245092,Liegen
1066,1536668255092,Liegen
1067,1536668265092,Liegen
1068,1536668275092,Liegen
1069,1536668285092,Non-Liegen
1070,1536668295092,Non-Liegen
1071,1536668305092,Non-Liegen
1072,1536668315092,Liegen
1073,1536668325092,Non-Liegen
1074,1536668335092,Non-Liegen
1075,1536668345092,Non-Liegen
1076,1536668355092,Non-Liegen
1077,1536668365092,Non-Liegen
1078,1536668375092,Non-Liegen
1079,1536668385092,Non-Liegen
1080,1536668395092,Non-Liegen
1081,1536668405092,Non-Liegen
1082,1536668415092,Non-Liegen
1083,1536668425092,Non-Liegen
1084,1536668435092,Non-Liegen
1085,1536668445092,Non-Liegen
1086,1536668455092,Non-Liegen
1087,1536668533031,Non-Liegen
1088,1536668543031,Non-Liegen
1089,1536668553031,Non-Liegen
1090,1536668563031,Non-Liegen
1091,1536668573031,Non-Liegen
1092,1536668583031,Non-Liegen
1093,1536668593031,Non-Liegen
1094,1536668603031,Non-Liegen
1095,1536668613031,Non-Liegen
1096,1536668623031,Non-Liegen
1097,1536668633031,Non-Liegen
1098,1536668643031,Non-Liegen
1099,1536668653031,Non-Liegen
1100,1536668663031,Non-Liegen
1101,1536668673031,Non-Liegen
1102,1536668683031,Non-Liegen
1103,1536668693031,Non-Liegen
1104,1536668703031,Non-Liegen
1105,1536668713031,Non-Liegen
1106,1536668723031,Non-Liegen
1107,1536668733031,Non-Liegen
1108,1536668743031,Non-Liegen
1109,1536668753031,Non-Liegen
1110,1536668763031,Non-Liegen
1111,1536668773031,Non-Liegen
1112,1536668783031,Non-Liegen
1113,1536668793031,Non-Liegen
1114,1536668803031,Non-Liegen
1115,1536668813031,Non-Liegen
1116,1536668823031,Non-Liegen
1117,1536668833031,Non-Liegen
1118,1536668843031,Non-Liegen
1119,1536668853031,Non-Liegen
1120,1536668863031,Non-Liegen
1121,1536668873031,Non-Liegen
1122,1536668883031,Non-Liegen
1123,1536668893031,Non-Liegen
1124,1536668903031,Non-Liegen
1125,1536668913031,Non-Liegen
1126,1536668923031,Non-Liegen
1127,1536668933031,Non-Liegen
1128,1536668943031,Non-Liegen
1129,1536668953031,Non-Liegen
1130,1536668963031,Non-Liegen
1131,1536668973031,Non-Liegen
1132,1536668983031,Non-Liegen
1133,1536668993031,Non-Liegen
1134,1536669003031,Non-Liegen
1135,1536669013031,Non-Liegen
1136,1536669023031,Non-Liegen
1137,1536669033031,Non-Liegen
1138,1536669043031,Non-Liegen
1139,1536669053031,Non-Liegen
1140,1536669063031,Non-Liegen
1141,1536669073031,Non-Liegen
1142,1536669083031,Non-Liegen
1143,1536669093031,Non-Liegen
1144,1536669103031,Non-Liegen
1145,1536669113031,Non-Liegen
1146,1536669123031,Non-Liegen
1147,1536669133031,Non-Liegen
1148,1536669143031,Non-Liegen
1149,1536669153031,Non-Liegen
1150,1536669163031,Non-Liegen
1151,1536669173031,Non-Liegen
1152,1536669183031,Non-Liegen
1153,1536669193031,Non-Liegen
1154,1536669203031,Non-Liegen
1155,1536669213031,Non-Liegen
1156,1536669223031,Non-Liegen
1157,1536669233031,Non-Liegen
1158,1536669243031,Non-Liegen
1159,1536669253031,Non-Liegen
1160,1536669263031,Non-Liegen
1161,1536669273031,Non-Liegen
1162,1536669283031,Non-Liegen
1163,1536669293031,Non-Liegen
1164,1536669303031,Non-Liegen
1165,1536669313031,Non-Liegen
1166,1536669323031,Non-Liegen
1167,1536669333031,Non-Liegen
1168,1536669343031,Non-Liegen
1169,1536669353031,Non-Liegen
1170,1536669363031,Non-Liegen
1171,1536669373031,Non-Liegen
1172,1536669383031,Non-Liegen
1173,1536669411000,Non-Liegen
1174,1536669421000,Non-Liegen
1175,1536669431000,Non-Liegen
1176,1536669441000,Non-Liegen
1177,1536669451000,Non-Liegen
1178,1536669461000,Non-Liegen
1179,1536669471000,Non-Liegen
1180,1536669721094,Non-Liegen
1181,1536669731094,Non-Liegen
1182,1536669741094,Non-Liegen
1183,1536669751094,Non-Liegen
1184,1536669761094,Non-Liegen
1185,1536669771094,Non-Liegen
1186,1536669781094,Non-Liegen
1187,1536669791094,Non-Liegen
1188,1536669801094,Non-Liegen
1189,1536669811094,Non-Liegen
1190,1536669821094,Non-Liegen
1191,1536669831094,Non-Liegen
1192,1536669841094,Non-Liegen
1193,1536669851094,Non-Liegen
1194,1536669861094,Non-Liegen
1195,1536669871094,Non-Liegen
1196,1536669881094,Non-Liegen
1197,1536669891094,Non-Liegen
1198,1536669901094,Non-Liegen
1199,1536669911094,Non-Liegen
1200,1536669921094,Non-Liegen
1201,1536669931094,Non-Liegen
1202,1536669941094,Non-Liegen
1203,1536669951094,Non-Liegen
1204,1536669961094,Non-Liegen
1205,1536669971094,Non-Liegen
1206,1536669981094,Non-Liegen
1207,1536669991094,Non-Liegen
1208,1536670001094,Non-Liegen
1209,1536670011094,Non-Liegen
1210,1536670021094,Non-Liegen
1211,1536670031094,Non-Liegen
1212,1536670041094,Non-Liegen
1213,1536670051094,Non-Liegen
1214,1536670061094,Non-Liegen
1215,1536670071094,Non-Liegen
1216,1536670081094,Non-Liegen
1217,1536670091094,Non-Liegen
1218,1536670101094,Non-Liegen
1219,1536670111094,Non-Liegen
1220,1536670121094,Non-Liegen
1221,1536670131094,Non-Liegen
1222,1536670141094,Non-Liegen
1223,1536670151094,Non-Liegen
1224,1536670161094,Non-Liegen
1225,1536670171094,Non-Liegen
1226,1536670181094,Non-Liegen
1227,1536670191094,Non-Liegen
1228,1536670201094,Non-Liegen
1229,1536670211094,Non-Liegen
1230,1536670221094,Non-Liegen
1231,1536670231094,Non-Liegen
1232,1536670241094,Non-Liegen
1233,1536670251094,Non-Liegen
1234,1536670261094,Non-Liegen
1235,1536670271094,Non-Liegen
1236,1536670281094,Non-Liegen
1237,1536670291094,Non-Liegen
1238,1536670301094,Non-Liegen
1239,1536670311094,Non-Liegen
1240,1536670321094,Non-Liegen
1241,1536670331094,Non-Liegen
1242,1536670341094,Non-Liegen
1243,1536670351094,Non-Liegen
1244,1536670361094,Non-Liegen
1245,1536670371094,Non-Liegen
1246,1536670381094,Non-Liegen
1247,1536670391094,Non-Liegen
1248,1536670401094,Non-Liegen
1249,1536670411094,Non-Liegen
1250,1536670421094,Non-Liegen
1251,1536670431094,Non-Liegen
1252,1536670441094,Non-Liegen
1253,1536670451094,Non-Liegen
1254,1536670461094,Non-Liegen
1255,1536670471094,Non-Liegen
1256,1536670481094,Non-Liegen
1257,1536670491094,Non-Liegen
1258,1536670501094,Non-Liegen
1259,1536670511094,Non-Liegen
1260,1536670521094,Non-Liegen
1261,1536670531094,Non-Liegen
1262,1536670541094,Non-Liegen
1263,1536670551094,Non-Liegen
1264,1536670561094,Non-Liegen
1265,1536670571094,Non-Liegen
1266,1536670581094,Non-Liegen
1267,1536670591094,Non-Liegen
1268,1536670601094,Non-Liegen
1269,1536670611094,Non-Liegen
1270,1536670621094,Non-Liegen
1271,1536670631094,Non-Liegen
1272,1536670641094,Non-Liegen
1273,1536670651094,Non-Liegen
1274,1536670661094,Non-Liegen
1275,1536670671094,Non-Liegen
1276,1536670681094,Non-Liegen
1277,1536670691094,Non-Liegen
1278,1536670701094,Non-Liegen
1279,1536670711094,Non-Liegen
1280,1536670721094,Non-Liegen
1281,1536670731094,Non-Liegen
1282,1536670741094,Non-Liegen
1283,1536670751094,Non-Liegen
1284,1536670761094,Non-Liegen
1285,1536670771094,Non-Liegen
1286,1536670781094,Non-Liegen
1287,1536670791094,Non-Liegen
1288,1536670801094,Non-Liegen
1289,1536670811094,Non-Liegen
1290,1536670821094,Non-Liegen
1291,1536670831094,Non-Liegen
1292,1536670841094,Non-Liegen
1293,1536670851094,Non-Liegen
1294,1536670999049,Liegen
1295,1536671009049,Liegen
1296,1536671019049,Non-Liegen
1297,1536671029049,Non-Liegen
1298,1536671039049,Non-Liegen
1299,1536671049049,Non-Liegen
1300,1536671059049,Non-Liegen
1301,1536671069049,Non-Liegen
1302,1536671079049,Non-Liegen
1303,1536671089049,Non-Liegen
1304,1536671099049,Non-Liegen
1305,1536671109049,Non-Liegen
1306,1536671119049,Non-Liegen
1307,1536671129049,Non-Liegen
1308,1536671139049,Non-Liegen
1309,1536671149049,Non-Liegen
1310,1536671159049,Non-Liegen
1311,1536671169049,Non-Liegen
1312,1536671179049,Non-Liegen
1313,1536671189049,Non-Liegen
1314,1536671199049,Non-Liegen
1315,1536671209049,Non-Liegen
1316,1536671219049,Non-Liegen
1317,1536671229049,Non-Liegen
1318,1536671239049,Non-Liegen
1319,1536671249049,Non-Liegen
1320,1536671259049,Non-Liegen
1321,1536671269049,Non-Liegen
1322,1536671279049,Non-Liegen
1323,1536671289049,Non-Liegen
1324,1536671299049,Non-Liegen
1325,1536671309049,Non-Liegen
1326,1536671319049,Non-Liegen
1327,1536671329049,Non-Liegen
1328,1536671339049,Non-Liegen
1329,1536671349049,Non-Liegen
1330,1536671359049,Non-Liegen
1331,1536671369049,Non-Liegen
1332,1536671379049,Non-Liegen
1333,1536671389049,Non-Liegen
1334,1536671399049,Non-Liegen
1335,1536671409049,Non-Liegen
1336,1536671419049,Non-Liegen
1337,1536671429049,Non-Liegen
1338,1536671439049,Non-Liegen
1339,1536671449049,Non-Liegen
1340,1536671459049,Non-Liegen
1341,1536671469049,Non-Liegen
1342,1536671479049,Non-Liegen
1343,1536671489049,Non-Liegen
1344,1536671499049,Non-Liegen
1345,1536671509049,Non-Liegen
1346,1536671519049,Non-Liegen
1347,1536671529049,Non-Liegen
1348,1536671539049,Non-Liegen
1349,1536671549049,Non-Liegen
1350,1536671559049,Non-Liegen
1351,1536671569049,Non-Liegen
1352,1536671579049,Non-Liegen
1353,1536671589049,Non-Liegen
1354,1536671599049,Non-Liegen
1355,1536671609049,Non-Liegen
1356,1536671619049,Non-Liegen
1357,1536671629049,Non-Liegen
1358,1536671639049,Non-Liegen
1359,1536671649049,Non-Liegen
1360,1536671659049,Non-Liegen
1361,1536671669049,Non-Liegen
1362,1536671679049,Non-Liegen
1363,1536671689049,Non-Liegen
1364,1536671699049,Non-Liegen
1365,1536671709049,Non-Liegen
1366,1536671719049,Non-Liegen
1367,1536671729049,Non-Liegen
1368,1536671739049,Liegen
1369,1536671749049,Non-Liegen
1370,1536671759049,Non-Liegen
1371,1536671769049,Non-Liegen
1372,1536671779049,Non-Liegen
1373,1536671789049,Non-Liegen
1374,1536671799049,Liegen
1375,1536671809049,Liegen
1376,1536671819049,Non-Liegen
1377,1536671829049,Non-Liegen
1378,1536671839049,Liegen
1379,1536671849049,Non-Liegen
1380,1536671859049,Liegen
1381,1536671869049,Liegen
1382,1536671879049,Non-Liegen
1383,1536671889049,Liegen
1384,1536671899049,Liegen
1385,1536671909049,Non-Liegen
1386,1536671919049,Non-Liegen
1387,1536671929049,Non-Liegen
1388,1536671939049,Liegen
1389,1536671949049,Non-Liegen
1390,1536671959049,Liegen
1391,1536671969049,Liegen
1392,1536671979049,Liegen
1393,1536671989049,Liegen
1394,1536671999049,Liegen
1395,1536672009049,Liegen
1396,1536672019049,Liegen
1397,1536672029049,Liegen
1398,1536672039049,Liegen
1399,1536672049049,Liegen
1400,1536672059049,Liegen
1401,1536672069049,Liegen
1402,1536672079049,Liegen
1403,1536672089049,Liegen
1404,1536672099049,Liegen
1405,1536672109049,Non-Liegen
1406,1536672119049,Non-Liegen
1407,1536672129049,Liegen
1408,1536672139049,Liegen
1409,1536672149049,Liegen
1410,1536672159049,Liegen
1411,1536672169049,Liegen
1412,1536672179049,Liegen
1413,1536672189049,Liegen
1414,1536672199049,Liegen
1415,1536672209049,Non-Liegen
1416,1536672219049,Liegen
1417,1536672229049,Liegen
1418,1536672239049,Liegen
1419,1536672249049,Liegen
1420,1536672321053,Non-Liegen
1421,1536672331053,Non-Liegen
1422,1536672341053,Non-Liegen
1423,1536672351053,Non-Liegen
1424,1536672361053,Non-Liegen
1425,1536672371053,Non-Liegen
1426,1536672381053,Non-Liegen
1427,1536672391053,Non-Liegen
1428,1536672401053,Non-Liegen
1429,1536672411053,Non-Liegen
1430,1536672421053,Non-Liegen
1431,1536672431053,Non-Liegen
1432,1536672441053,Non-Liegen
1433,1536672451053,Non-Liegen
1434,1536672461053,Non-Liegen
1435,1536672471053,Non-Liegen
1436,1536672481053,Non-Liegen
1437,1536672491053,Non-Liegen
1438,1536672501053,Non-Liegen
1439,1536672511053,Non-Liegen
1440,1536672521053,Non-Liegen
1441,1536672531053,Non-Liegen
1442,1536672541053,Non-Liegen
1443,1536672551053,Non-Liegen
1444,1536672561053,Non-Liegen
1445,1536672571053,Non-Liegen
1446,1536672581053,Non-Liegen
1447,1536672591053,Non-Liegen
